toponyme,derive,transcription_base,transcription_derive,sfx_gentile,allomorphie,topo_compose,type_topo,pays,nb_syll_base,nb_seg_base,der_seg_base
Berné,bernéen,bɛʁ.ne,bɛʁ.ne.ɛ̃,(é)en,0,0,ville,france,2,5,e
Besné,besnéen,be.ne,be.ne.ɛ̃,(é)en,0,0,ville,france,2,4,e
Billé,billéen,bi.je,bi.je.ɛ̃,(é)en,0,0,ville,france,2,4,e
Bourdonné,bourdonnéen,buʁ.dɔ.ne,buʁ.dɔ.ne.ɛ̃,(é)en,0,0,ville,france,3,7,e
Degré,degréen,də.gʁe,də.gʁe.ɛ̃,(é)en,0,0,ville,france,2,5,e
Dingé,dingéen,dɛ̃.ʒe,dɛ̃.ʒe.ɛ̃,(é)en,0,0,ville,france,2,4,e
Domagné,domagnéen,dɔ.ma.ɲe,dɔ.ma.ɲe.ɛ̃,(é)en,0,0,ville,france,3,6,e
Douchanbé,douchanbéen,du.ʃan.be,du.ʃan.be.ɛ̃,(é)en,0,0,ville,autre,3,7,e
Draché,drachéen,dʁa.ʃe,dʁa.ʃe.ɛ̃,(é)en,0,0,ville,france,2,5,e
Essé,esséen,ɛ.se,ɛ.se.ɛ̃,(é)en,0,0,ville,france,2,3,e
Fossé,fosséen,fo.se,fo.se.ɛ̃,(é)en,0,0,ville,france,2,4,e
Gacé,gacéen,ga.se,ga.se.ɛ̃,(é)en,0,0,ville,france,2,4,e
Igé,igéen,i.ʒe,i.ʒe.ɛ̃,(é)en,0,0,ville,france,2,3,e
Ligné,lignéen,li.ɲe,li.ɲe.ɛ̃,(é)en,0,0,ville,france,2,4,e
Lomé,loméen,lo.me,lo.me.ɛ̃,(é)en,0,0,ville,autre,2,4,e
Lucé,lucéen,ly.se,ly.se.ɛ̃,(é)en,0,0,ville,france,2,4,e
Miré,miréen,mi.ʁe,mi.ʁe.ɛ̃,(é)en,0,0,ville,france,2,4,e
Moussé,mousséen,mu.se,mu.se.ɛ̃,(é)en,0,0,ville,france,2,4,e
Pacé,pacéen,pa.se,pa.se.ɛ̃,(é)en,0,0,ville,france,2,4,e
Remouillé,remouilléen,ʁə.mu.je,ʁə.mu.je.ɛ̃,(é)en,0,0,ville,france,3,6,e
Renazé,renazéen,ʁə.na.ze,ʁə.na.ze.ɛ̃,(é)en,0,0,ville,france,3,6,e
René,renéen,ʁə.ne,ʁə.ne.ɛ̃,(é)en,0,0,ville,france,2,4,e
Souligné,soulignéen,su.li.ɲe,su.li.ɲe.ɛ̃,(é)en,0,0,ville,france,3,6,e
Teillé,teilléen,tɛ.je,tɛ.je.ɛ̃,(é)en,0,0,ville,france,2,4,e
Tressé,tresséen,tʁe.se,tʁe.se.ɛ̃,(é)en,0,0,ville,france,2,5,e
Villabé,villabéen,vi.la.be,vi.la.be.ɛ̃,(é)en,0,0,ville,france,3,6,e
Viré,viréen,vi.ʁe,vi.ʁe.ɛ̃,(é)en,0,0,ville,france,2,4,e
Vitré,vitréen,vi.tʁe,vi.tʁe.ɛ̃,(é)en,0,0,ville,france,2,5,e
Vogüé,vogüéen,vɔ.gy.e,vɔ.gy.e.ɛ̃,(é)en,0,0,ville,france,3,5,e
Yaoundé,yaoundéen,ja.un.de,ja.un.de.ɛ̃,(é)en,0,0,ville,autre,3,6,e
Zimbabwe,zimbabwéen,zim.ba.bwe,zim.ba.bwe.ɛ̃,(é)en,0,0,pays,autre,3,8,e
Bédée,bédéen,be.de,be.de.ɛ̃,(é)en,0,0,ville,france,2,4,e
Bossée,bosséen,bɔ.se,bɔ.se.ɛ̃,(é)en,0,0,ville,france,2,4,e
Galilée,galiléen,ga.li.le,ga.li.le.ɛ̃,(é)en,0,0,région,autre,3,6,e
Guinée,guinéen,gi.ne,gi.ne.ɛ̃,(é)en,0,0,pays,autre,2,4,e
Judée,judéen,ʒy.de,ʒy.de.ɛ̃,(é)en,0,0,région,autre,2,4,e
Larré,larréen,la.ʁe,la.ʁe.ɛ̃,(é)en,0,0,ville,france,2,4,e
Loché-sur-Indrois,lochéen,lɔ.ʃe,lɔ.ʃe.ɛ̃,(é)en,0,1,ville,france,2,4,e
Phocée,phocéen,fɔ.se,fɔ.se.ɛ̃,(é)en,0,0,ville,autre,2,4,e
Hautes-Pyrénées,haut-pyrénéen,ot.pi.ʁe.ne,o.pi.ʁe.ne.ɛ̃,(é)en,1,1,département,france,4,8,e
Saint-André,saint-andréen,sɛ̃.tã.dʁe,sɛ̃.tã.dʁe.ɛ̃,(é)en,0,1,ville,france,3,7,e
Saint-Barnabé,barnabéen,baʁ.na.be,baʁ.na.be.ɛ̃,(é)en,0,1,ville,france,3,7,e
Sao Tomé-et-Principe,santoméen,sa.o.tɔ.me,sã.tɔ.me.ɛ̃,(é)en,1,1,pays,autre,4,7,e
Sucé-sur-Erdre,sucéen,sy.se,sy.se.ɛ̃,(é)en,0,1,ville,france,2,4,e
Tigré,tigréen,ti.gʁe,ti.gʁe.ɛ̃,(é)en,0,0,région,autre,2,5,e
Vendée,vendéen,vã.de,vã.de.ɛ̃,(é)en,0,0,département,france,2,4,e
Sanxay,sanxéen,sã.sɛ,sã.se.ɛ̃,(é)en,0,0,ville,france,2,4,ɛ
Valençay,valencéen,va.lã.sɛ,va.lã.se.ɛ̃,(é)en,0,0,ville,france,3,6,ɛ
Corée du Sud,sud-coréen,kɔ.ʁe.syd,syd.kɔ.ʁe.ɛ̃,(é)en,1,1,pays,autre,3,7,d
Neuilly-Plaisance,nocéen,nœ.ji,no.se.ɛ̃,éen,1,1,ville,france,2,4,i
Neuilly-sur-Marne,nocéen,nœ.ji,no.se.ɛ̃,éen,1,1,ville,france,2,4,i
Nazareth,nazaréen,na.za.ʁɛt,na.za.ʁe.ɛ̃,(é)en,1,0,ville,autre,3,7,t
Candé,candéen,kã.de,kã.de.ɛ̃,(é)en,0,0,ville,france,2,4,e
Cernay,cernéen,sɛʁ.nɛ,sɛʁ.ne.ɛ̃,(é)en,0,0,ville,france,2,5,ɛ
Chaldée,chaldéen,kal.de,kal.de.ɛ̃,(é)en,0,0,région,autre,2,5,e
Changé,changéen,ʃã.ʒe,ʃã.ʒe.ɛ̃,(é)en,0,0,ville,france,2,4,e
Chargé,chargéen,ʃaʁ.ʒe,ʃaʁ.ʒe.ɛ̃,(é)en,0,0,ville,france,2,5,e
Corée,coréen,kɔ.ʁe,kɔ.ʁe.ɛ̃,(é)en,0,0,pays,autre,2,4,e
Charnizay,charnizéen,ʃaʁ.ni.zɛ,ʃaʁ.ni.ze.ɛ̃,(é)en,0,0,ville,france,3,7,ɛ
Cherré,cherréen,ʃɛ.ʁe,ʃɛ.ʁe.ɛ̃,(é)en,0,0,ville,france,2,4,e
Cintré,cintréen,sɛ̃.tʁe,sɛ̃.tʁe.ɛ̃,(é)en,0,0,ville,france,2,5,e
Couffé,coufféen,ku.fe,ku.fe.ɛ̃,(é)en,0,0,ville,france,2,4,e
Crimée,criméen,kʁi.me,kʁi.me.ɛ̃,(é)en,0,0,région,autre,2,5,e
Crissé,crisséen,kʁi.se,kʁi.se.ɛ̃,(é)en,0,0,ville,france,2,5,e
Jussey,jusséen,ʒy.sɛ,ʒy.se.ɛ̃,(é)en,0,0,ville,france,2,4,ɛ
Messei,messéen,mɛ.sɛ,mɛ.se.ɛ̃,(é)en,0,0,ville,france,2,4,ɛ
Nozay,nozéen,nɔ.zɛ,nɔ.ze.ɛ̃,(é)en,0,0,ville,france,2,4,ɛ
Nozay,nozéen,nɔ.zɛ,nɔ.ze.ɛ̃,(é)en,0,0,ville,france,2,4,ɛ
Orsay,orcéen,ɔʁ.sɛ,ɔʁ.se.ɛ̃,(é)en,0,0,ville,france,2,4,ɛ
Abyssinie,abyssinien,a.bi.si.ni,a.bi.si.njɛ̃,(i)en,0,0,région,autre,4,7,i
Acadie,acadien,a.ka.di,a.ka.djɛ̃,(i)en,0,0,région,autre,3,5,i
Algérie,algérien,al.ʒe.ʁi,al.ʒe.ʁjɛ̃,(i)en,0,0,pays,autre,3,6,i
Amazonie,amazonien,a.ma.zo.ni,a.ma.zɔ.njɛ̃,(i)en,0,0,région,autre,4,7,i
Arcadie,arcadien,aʁ.ka.di,aʁ.ka.djɛ̃,(i)en,0,0,région,autre,3,6,i
Argovie,argovien,aʁ.gɔ.vi,aʁ.gɔ.vjɛ̃,(i)en,0,0,région,autre,3,6,i
Arménie,arménien,aʁ.me.ni,aʁ.me.njɛ̃,(i)en,0,0,pays,autre,3,6,i
Asturies,asturien,as.ty.ʁi,as.ty.ʁjɛ̃,(i)en,0,0,région,autre,3,6,i
Australie,australien,ɔs.tʁa.li,ɔst.ʁa.ljɛ̃,(i)en,0,0,pays,autre,3,7,i
Austrasie,austrasien,os.tʁa.zi,os.tʁa.zjɛ̃,(i)en,0,0,pays,autre,3,7,i
Béotie,béotien,be.ɔ.si,be.ɔ.sjɛ̃,(i)en,0,0,région,autre,3,5,i
Bolivie,bolivien,bɔ.li.vi,bɔ.li.vjɛ̃,(i)en,0,0,pays,autre,3,6,i
Brie,brien,bʁi,bʁi.jɛ̃,ien,0,0,ville,france,1,3,i
Broglie,broglien,bʁɔj,bʁɔ.jɛ̃,(i)en,0,0,ville,france,1,4,j
Djibouti,djiboutien,dʒi.bu.ti,dʒi.bu.sjɛ̃,(i)en,1,0,ville,autre,3,7,i
Estonie,estonien,ɛs.tɔ.ni,ɛs.tɔ.njɛ̃,(i)en,0,0,pays,autre,3,6,i
Eurasie,eurasien,œ.ʁa.zi,ø.ʁa.zjɛ̃,(i)en,0,0,région,autre,3,5,i
Fidji,fidjien,fid.ʒi,fid.ʒjɛ̃,(i)en,0,0,pays,autre,2,5,i
Franconie,franconien,fʁã.kɔ.ni,fʁã.ko.njɛ̃,(i)en,0,0,région,autre,3,7,i
Gambie,gambien,gã.bi,gã.bjɛ̃,(i)en,0,0,pays,autre,2,4,i
Gaspésie,gaspésien,gas.pe.zi,gas.pe.zjɛ̃,(i)en,0,0,région,autre,3,7,i
Géorgie,géorgien,ʒe.ɔʁ.ʒi,ʒe.ɔʁ.ʒjɛ̃,(i)en,0,0,pays,autre,3,6,i
Haïti,haïtien,a.i.ti,a.i.sjɛ̃,(i)en,1,0,pays,autre,3,4,i
Helsinki,helsinkien,ɛl.sin.ki,ɛl.sin.kjɛ̃,(i)en,0,0,ville,autre,3,7,i
Indonésie,indonésien,ɛ̃.do.ne.zi,ɛ̃.dɔ.ne.zjɛ̃,(i)en,0,0,pays,autre,4,7,i
Ionie,ionien,jɔ.ni,jɔ.njɛ̃,(i)en,0,0,région,autre,2,4,i
Italie,italien,i.ta.li,i.ta.ljɛ̃,(i)en,0,0,pays,autre,3,5,i
Jordanie,jordanien,ʒɔʁ.da.ni,jɔʁ.da.njɛ̃,(i)en,0,0,pays,autre,3,7,i
Kiribati,kiribatien,ki.ʁi.ba.ti,ki.ʁi.ba.sjɛ̃,(i)en,1,0,pays,autre,4,8,i
La Bernerie-en-Retz,bernerien,bɛʁ.nə.ʁi,bɛʁ.nə.ʁjɛ̃,(i)en,0,1,ville,france,3,7,i
Laconie,laconien,la.kɔ.ni,la.kɔ.njɛ̃,(i)en,0,0,région,autre,3,6,i
Le Plessis-Pâté,plessien,plɛ.si,plɛ.sjɛ̃,(i)en,0,1,ville,france,2,5,i
Ligurie,ligurien,li.gy.ʁi,li.gy.ʁjɛ̃,(i)en,0,0,région,autre,3,6,i
Lotharingie,lotharingien,lo.ta.ʁɛ̃.ʒi,lo.ta.ʁɛ̃.ʒjɛ̃,(i)en,0,0,pays,autre,4,8,i
Lucanie,lucanien,ly.ka.ni,ly.ka.njɛ̃,(i)en,0,0,région,autre,3,6,i
Lusitanie,lusitanien,ly.zi.ta.ni,ly.zi.ta.njɛ̃,(i)en,0,0,région,autre,4,8,i
Lydie,lydien,li.di,li.djɛ̃,(i)en,0,0,région,autre,2,4,i
Malaisie,malaisien,ma.lɛ.zi,ma.lɛ.zjɛ̃,(i)en,0,0,pays,autre,3,6,i
Mali,malien,ma.li,ma.ljɛ̃,(i)en,0,0,pays,autre,2,4,i
Mauritanie,mauritanien,mo.ʁi.ta.ni,mo.ʁi.ta.njɛ̃,(i)en,0,0,pays,autre,4,8,i
Micronésie,micronésien,mi.kʁo.ne.zi,mi.kʁo.nez.jɛ̃,(i)en,0,0,pays,autre,4,9,i
Mélanésie,mélanésien,me.la.ne.zi,me.la.ne.zjɛ̃,(i)en,0,0,région,autre,4,8,i
Mésopotamie,mésopotamien,me.zɔ.pɔ.ta.mi,me.zɔ.pɔ.ta.mjɛ̃,(i)en,0,0,région,autre,5,10,i
Namibie,namibien,na.mi.bi,na.mi.bjɛ̃,(i)en,0,0,pays,autre,3,6,i
Nairobi,nairobien,nɛ.ʁɔ.bi,nɛ.ʁɔ.bjɛ̃,(i)en,0,0,ville,autre,3,6,i
Somalie,somalien,sɔ.ma.li,sɔ.ma.ljɛ̃,(i)en,0,0,pays,autre,3,6,i
Nicosie,nicosien,ni.kɔ.zi,ni.kɔ.zjɛ̃,(i)en,0,0,ville,autre,3,6,i
Océanie,océanien,ɔ.se.a.ni,o.se.a.njɛ̃,(i)en,0,0,région,autre,4,6,i
Pennsylvanie,pennsylvanien,pɛn.sil.va.ni,pɛn.sil.va.njɛ̃,(i)en,0,0,région,autre,4,10,i
Philadelphie,philadelphien,fi.la.dɛl.fi,fi.la.dɛl.fjɛ̃,(i)en,0,0,ville,autre,4,9,i
Polynésie,polynésien,pɔ.li.ne.zi,pɔ.li.nez.jɛ̃,(i)en,0,0,région,autre,4,8,i
Saint-Zacharie,zacharien,za.ka.ʁi,za.ka.ʁjɛ̃,(i)en,0,1,ville,france,3,6,i
Silésie,silésien,si.le.zi,si.le.zjɛ̃,(i)en,0,0,région,autre,3,6,i
Syrie,syrien,si.ʁi,si.ʁjɛ̃,(i)en,0,0,pays,autre,2,4,i
Tanzanie,tanzanien,tãn.za.ni,tã.za.njɛ̃,(i)en,0,0,pays,autre,3,7,i
Tunisie,tunisien,ty.ni.zi,ty.ni.zjɛ̃,(i)en,0,0,pays,autre,3,6,i
Tasmanie,tasmanien,tas.ma.ni,tas.ma.njɛ̃,(i)en,0,0,région,autre,3,7,i
Zambie,zambien,zã.bi,zã.bjɛ̃,(i)en,0,0,pays,autre,2,4,i
Varsovie,varsovien,vaʁ.sɔ.vi,vaʁ.sɔ.vjɛ̃,(i)en,0,0,ville,autre,3,7,i
Lituanie,lituanien,li.tɥa.ni,li.tɥa.njɛ̃,(i)en,0,0,pays,autre,3,7,i
Kigali,kigalien,ki.ga.li,ki.ga.ljɛ̃,(i)en,0,0,ville,autre,3,6,i
Neustrie,neustrien,nø.stʁi,nø.stʁjɛ̃,(i)en,0,0,pays,autre,2,6,i
Tigery,tigérien,tiʒ.ʁi,ti.ʒe.ʁjɛ̃,(i)en,1,0,ville,france,2,5,i
Juvisy-sur-Orge,juvisien,ʒy.vi.zi,ʒy.vi.zjɛ̃,(i)en,0,1,ville,france,3,6,i
Nouvelle-Calédonie,néo-calédonien,nu.vɛl.ka.le.dɔ.ni,ne.ɔ.ka.le.dɔ.njɛ̃,(i)en,1,1,région,france,6,13,i
Saintry-sur-Seine,saintrien,sɛ̃.tʁi,sɛ̃.tʁjɛ̃,(i)en,0,1,ville,france,2,5,i
Chili,chilien,ʃi.li,ʃi.ljɛ̃,(i)en,0,0,pays,autre,2,4,i
Annecy,annécien,an.si,a.ne.sjɛ̃,(i)en,1,0,ville,france,2,4,i
Beaugency,balgentien,bo.ʒã.si,bal.ʒã.sjɛ̃,(i)en,1,0,ville,france,3,6,i
Bobigny,balbynien,bo.bi.ɲi,bal.bi.ɲjɛ̃,(i)en,1,0,ville,france,3,6,i
Bourgoin-Jallieu,berjallien,buʁ.gwɛ̃.ʒa.ljø,bɛʁ.ʒa.ljɛ̃,(i)en,1,1,ville,france,4,11,ø
Labouquerie,bouquarien,la.bu.kʁi,bu.ka.ʁjɛ̃,(i)en,1,0,ville,france,3,7,i
Chécy,cacien,ʃe.si,ka.sjɛ̃,ien,1,0,ville,france,2,4,i
Ajaccio,ajaccien,a.ʒak.sjo,a.ʒak.sjɛ̃,(i)en,1,0,ville,france,3,7,o
Bonifacio,bonifacien,bɔ.ni.fa.sjo,bɔ.ni.fa.sjɛ̃,(i)en,1,0,ville,france,4,9,o
Brasilia,brasilien,bʁa.zi.lja,bʁa.zi.ljɛ̃,(i)en,1,0,ville,autre,3,8,a
Monrovia,monrovien,mɔ̃.ʁɔ.vja,mɔ̃.ʁɔ.vjɛ̃,(i)en,1,0,ville,autre,3,7,a
Ontario,ontarien,ɔ̃.ta.ʁjo,ɔ̃.ta.ʁjɛ̃,(i)en,1,0,région,autre,3,6,o
Mantilly,mantillien,mã.ti.ji,mã.ti.jɛ̃,(i)en,0,0,ville,france,3,6,i
Neuilly,nuyllien,nœ.ji,ny.jɛ̃,(i)en,1,0,ville,france,2,4,i
Ancenis,ancenien,ãs.ni,ãs.njɛ̃,(i)en,0,0,ville,france,2,4,i
Antony,antonien,ã.tɔ.ni,ã.tɔ.njɛ̃,(i)en,0,0,ville,france,3,5,i
Bougligny,bouglignien,bu.gli.ɲi,bu.gli.ɲjɛ̃,(i)en,0,0,ville,france,3,7,i
Californie,californien,ka.li.fɔʁ.ni,ka.li.fɔʁ.njɛ̃,(i)en,0,0,région,autre,4,9,i
Cambrésis,cambrésien,kã.bʁe.zi,kã.bʁe.zjɛ̃,(i)en,0,0,région,france,3,7,i
Carie,carien,ka.ʁi,ka.ʁjɛ̃,(i)en,0,0,région,autre,2,4,i
Chambéry,chambérien,ʃã.be.ʁi,ʃã.be.ʁjɛ̃,(i)en,0,0,ville,france,3,6,i
Colombie,colombien,kɔ.lɔ̃.bi,kɔ.lɔ̃.bjɛ̃,(i)en,0,0,pays,autre,3,6,i
Cisjordanie,cisjordanien,sis.ʒɔʁ.da.ni,sis.ʒɔʁ.da.njɛ̃,(i)en,0,0,région,autre,4,10,i
Cracovie,cracovien,kʁa.ko.vi,kʁa.ko.vjɛ̃,(i)en,0,0,ville,autre,3,7,i
Azerbaïdjan,azerbaïdjanais,a.zɛʁ.baj.dʒã,a.zɛʁ.baj.dʒa.nɛ,ais,1,0,pays,autre,4,10,ã
Guissény,guissénien,gi.se.ni,gi.se.njɛ̃,(i)en,0,0,ville,france,3,6,i
Jossigny,jossignien,ʒɔ.si.ɲi,ʒɔ.si.ɲjɛ̃,(i)en,0,0,ville,france,3,6,i
Livry,livrien,li.vʁi,li.vʁi.jɛ̃,ien,0,0,ville,france,2,5,i
Massy,massien,ma.si,ma.sjɛ̃,(i)en,0,0,ville,france,2,4,i
Montlhéry,montlhérien,mɔ̃.le.ʁi,mɔ̃.le.ʁjɛ̃,(i)en,0,0,ville,france,3,6,i
Montmédy,montmédien,mɔ̃.me.di,mɔ̃.me.djɛ̃,(i)en,0,0,ville,france,3,6,i
Pontivy,pontivien,pɔ̃.ti.vi,pɔ̃.ti.vjɛ̃,(i)en,0,0,ville,france,3,6,i
Alençon,alençonnais,a.lã.sɔ̃,a.lã.sɔ.nɛ,ais,1,0,ville,france,3,5,ɔ̃
Angleterre,anglais,ã.glə.tɛʁ,ã.glɛ,ais,1,0,région,autre,3,7,ʁ
Aragon,aragonais,a.ʁa.gɔ̃,a.ʁa.gɔ.nɛ,ais,1,0,ville,france,3,5,ɔ̃
Avignon,avignonnais,a.vi.ɲɔ̃,a.vi.ɲɔ.nɛ,ais,1,0,ville,france,3,5,ɔ̃
Bali,balinais,ba.li,ba.li.nɛ,ais,1,0,région,autre,2,4,i
Béarn,béarnais,be.aʁn,be.aʁ.nɛ,ais,0,0,région,france,2,5,n
France,français,fʁãs,fʁã.sɛ,ais,0,0,pays,autre,1,4,s
Gabon,gabonais,ga.bɔ̃,ga.bɔ.nɛ,ais,1,0,pays,autre,2,4,ɔ̃
Groenland,groenlandais,gʁɔ.ɛn.lãd,gʁɔ.ɛn.lã.dɛ,ais,0,0,pays,autre,3,8,d
Hollande,hollandais,ɔ.lãd,ɔ.lã.dɛ,ais,0,0,pays,autre,2,4,d
Guyane,guyanais,gɥi.jan,gɥi.ja.nɛ,ais,0,0,département,france,2,6,n
Le Havre,havrais,avʁ,a.vʁɛ,ais,0,1,ville,france,1,3,ʁ
Irlande,irlandais,iʁ.lãd,iʁ.lã.dɛ,ais,0,0,pays,autre,2,5,d
Islande,islandais,is.lãd,is.lã.dɛ,ais,0,0,pays,autre,2,5,d
Japon,japonais,ʒa.pɔ̃,ʒa.pɔ.nɛ,ais,1,0,pays,autre,2,4,ɔ̃
Liban,libanais,li.bã,li.ba.nɛ,ais,1,0,pays,autre,2,4,ã
Landes,landais,lãd,lã.dɛ,ais,0,0,ville,france,1,3,d
Malte,maltais,malt,mal.tɛ,ais,0,0,pays,autre,1,4,t
Louisiane,louisianais,lwi.zjan,lwi.zja.nɛ,ais,0,0,région,autre,2,7,n
Népal,népalais,ne.pal,ne.pa.lɛ,ais,0,0,pays,autre,2,5,l
Marne,marnais,maʁn,maʁ.nɛ,ais,0,0,département,france,1,4,n
Marseille,marseillais,maʁ.sɛj,maʁ.sɛ.jɛ,ais,0,0,ville,france,2,6,j
Martinique,martiniquais,maʁ.ti.nik,maʁ.ti.ni.kɛ,ais,0,0,département,france,3,8,k
Milan,milanais,mi.lã,mi.la.nɛ,ais,1,0,ville,autre,2,4,ã
Nantes,nantais,nãt,nã.tɛ,ais,0,0,ville,france,1,3,t
Narbonne,narbonnais,naʁ.bɔn,naʁ.bɔ.nɛ,ais,0,0,ville,france,2,6,n
Pakistan,pakistanais,pa.kis.tã,pa.kis.ta.nɛ,ais,1,0,pays,autre,3,7,ã
Oran,oranais,ɔ.ʁã,ɔ.ʁa.nɛ,ais,1,0,ville,autre,2,3,ã
Piémont,piémontais,pje.mɔ̃,pje.mɔ̃.tɛ,ais,1,0,région,autre,2,5,ɔ̃
Rennes,rennais,ʁɛn,ʁɛ.nɛ,ais,0,0,ville,france,1,3,n
Sénégal,sénégalais,se.ne.gal,se.ne.ga.lɛ,ais,0,0,pays,autre,3,7,l
Soudan,soudanais,su.dã,su.da.nɛ,ais,1,0,ville,france,2,4,ã
Thaïlande,thaïlandais,taj.lãd,taj.lã.dɛ,ais,0,0,pays,autre,2,6,d
Tarbes,tarbais,taʁb,taʁ.bɛ,ais,0,0,ville,france,1,4,b
Versailles,versaillais,vɛʁ.saj,vɛʁ.sa.jɛ,ais,0,0,ville,france,2,6,j
Vérone,véronais,ve.ʁɔn,ve.ʁɔ.nɛ,ais,0,0,ville,autre,2,5,n
Bologne,bolonais,bɔ.lɔɲ,bɔ.lɔ.nɛ,ais,1,0,ville,france,2,5,ɲ
Bologne,bolognais,bɔ.lɔɲ,bɔ.lɔ.ɲɛ,ais,0,0,ville,france,2,5,ɲ
Finlande,finlandais,fɛ̃.lãd,fɛ̃.lã.dɛ,ais,0,0,pays,autre,2,5,d
Navarre,navarrais,na.vaʁ,na.va.ʁɛ,ais,0,0,région,france,2,5,ʁ
Soissons,soissonnais,swa.sɔ̃,swa.sɔ.nɛ,ais,1,0,ville,france,2,5,ɔ̃
Togo,togolais,to.go,tɔ.gɔ.lɛ,ais,1,0,pays,autre,2,4,o
Pologne,polonais,pɔ.lɔɲ,pɔ.lɔ.nɛ,ais,1,0,pays,autre,2,5,ɲ
Dijon,dijonnais,di.ʒɔ̃,di.ʒo.nɛ,ais,1,0,ville,france,2,4,ɔ̃
Java,javanais,ʒa.va,ʒa.va.nɛ,ais,1,0,région,autre,2,4,a
Lyon,lyonnais,ljɔ̃,ljɔ.nɛ,ais,1,0,ville,france,1,3,ɔ̃
Mâcon,mâconnais,mɑ.kɔ̃,ma.ko.ne,ais,1,0,ville,france,2,4,ɔ̃
Rouen,rouennais,ʁwã,ʁwa.nɛ,ais,1,0,ville,france,1,3,ã
Toulon,toulonnais,tu.lɔ̃,tu.lɔ.nɛ,ais,1,0,ville,france,2,4,ɔ̃
Craon,craonnais,kʁã,kʁa.ɔ.nɛ,ais,1,0,ville,france,1,3,ã
Pays-Bas,néerlandais,pɛ.i.ba,ne.ɛʁ.lã.dɛ,ais,1,1,pays,autre,3,5,a
Bordeaux,bordelais,bɔʁ.do,bɔʁ.də.lɛ,ais,1,0,ville,france,2,5,o
Nevers,nivernais,nə.vɛʁ,ni.vɛʁ.nɛ,ais,1,0,ville,france,2,5,ʁ
Albanie,albanais,al.ba.ni,al.ba.nɛ,ais,1,0,pays,autre,3,6,i
Angola,angolais,ã.go.la,ã.go.lɛ,ais,1,0,pays,autre,3,5,a
Ouganda,ougandais,u.gã.da,u.gã.dɛ,ais,1,0,pays,autre,3,5,a
Casablanca,casablancais,ka.za.blã.ka,ka.za.blã.kɛ,ais,1,0,ville,autre,4,9,a
Congo,congolais,kɔ̃.go,kɔ̃.gɔ.lɛ,ais,1,0,pays,autre,2,4,o
Portugal,portugais,pɔʁ.ty.gal,pɔʁ.ty.gɛ,ais,1,0,pays,autre,3,8,l
Canton,cantonais,kã.tɔ̃,kã.tɔ.nɛ,ais,1,0,ville,autre,2,4,ɔ̃
Ceton,cetonnien,sə.tɔ̃,sə.tɔ.njɛ̃,ien,1,0,ville,france,2,4,ɔ̃
Orléans,orléanais,ɔʁ.le.ã,ɔʁ.le.a.nɛ,ais,1,0,ville,france,3,5,ã
Cameroun,camerounais,kam.ʁun,kam.ʁu.nɛ,ais,0,0,pays,autre,2,6,n
Botswana,botswanéen,bɔ.tswa.na,bɔ.tswa.ne.ɛ̃,éen,1,0,pays,autre,3,8,a
Charentes,charentais,ʃa.ʁãt,ʃa.ʁã.tɛ,ais,0,0,région,france,2,5,t
Calabre,calabrais,ka.labʁ,ka.la.bʁɛ,ais,0,0,région,autre,2,6,ʁ
Europe,européen,ø.ʁɔp,ø.ʁɔ.pe.ɛ̃,éen,0,0,région,autre,2,4,p
Guadeloupe,guadeloupéen,gwad.lup,gwad.lu.pe.ɛ̃,éen,0,0,département,france,2,7,p
Jans,janséen,ʒã,ʒã.se.ɛ̃,éen,1,0,ville,france,1,2,ã
Prades,pradéen,pʁad,pʁa.de.ɛ̃,éen,0,0,ville,france,1,4,d
Trèbes,trébéen,tʁɛb,tʁe.be.ɛ̃,éen,0,0,ville,france,1,4,b
Vanves,vanvéen,vãv,vã.ve.ɛ̃,éen,0,0,ville,france,1,3,v
Bais,baiséen,bɛ,bɛ.ze.ɛ̃,éen,1,0,ville,france,1,2,ɛ
Boissy-aux-Cailles,boisséen,bwa.si,bwa.se.ɛ̃,éen,1,1,ville,france,2,5,i
Boissy-Saint-Léger,boisséen,bwa.si,bwa.se.ɛ̃,éen,1,1,ville,france,2,5,i
Bussy-Saint-Martin,busséen,by.si,by.se.ɛ̃,éen,1,1,ville,france,2,4,i
Côte d'Azur,azuréen,a.zyʁ,a.zy.ʁe.ɛ̃,éen,0,1,région,france,2,4,ʁ
Issy-les-Moulineaux,isséen,i.si,i.se.ɛ̃,éen,1,1,ville,france,2,3,i
Joué-sur-Erdre,jovéen,ʒwe,ʒo.ve.ɛ̃,éen,1,1,ville,france,1,3,e
Neuilly-sur-Seine,neuilléen,nø.ji,nø.je.ɛ̃,éen,1,1,ville,france,2,4,i
Noisy-le-Grand,noiséen,nwa.zi,nwa.ze.ɛ̃,éen,1,1,ville,france,2,5,i
Noisy-le-Sec,noiséen,nwa.zi,nwa.ze.ɛ̃,éen,1,1,ville,france,2,5,i
Noisy-sur-Oise,noiséen,nwa.zi,nwa.ze.ɛ̃,éen,1,1,ville,france,2,5,i
Puiseux-Pontoise,puiséen,pɥi.zø,pɥi.ze.ɛ̃,éen,1,1,ville,france,2,5,ø
Saint-Barthélemy,bartholoméen,baʁ.te.le.mi,baʁ.to.lo.me.ɛ̃,éen,1,1,ville,france,4,9,i
Saint-Mathieu,mathuséen,ma.tjø,ma.ty.ze.ɛ̃,éen,1,1,ville,france,2,5,ø
Saint-Pierre-du-Perray,péréen,pe.ʁɛ,pe.ʁe.ɛ̃,éen,1,1,ville,france,2,4,ɛ
Soisy-sous-Montmorency,soiséen,swa.zi,swa.ze.ɛ̃,éen,1,1,ville,france,2,5,i
Soisy-sur-Seine,soiséen,swa.zi,swa.ze.ɛ̃,éen,1,1,ville,france,2,5,i
Souzy-la-Briche,souzéen,su.zi,su.ze.ɛ̃,éen,1,1,ville,france,2,4,i
Torcy,torcéen,tɔʁ.si,tɔʁ.se.ɛ̃,éen,1,0,ville,france,2,5,i
Trans-sur-Erdre,transéen,tʁãs,tʁã.se.ɛ̃,éen,0,1,ville,france,1,4,s
Ghana,ghanéen,ga.na,ga.ne.ɛ̃,éen,1,0,pays,autre,2,4,a
Panama,panaméen,pa.na.ma,pa.na.me.ɛ̃,éen,1,0,ville,autre,3,6,a
Valpuiseaux,valpuiséen,val.pɥi.zo,val.pɥi.ze.ɛ̃,éen,1,0,ville,france,3,8,o
Vandy,vandéen,vã.di,vã.de.ɛ̃,éen,1,0,ville,france,2,4,i
Villeloin-Coulangé,villaloupéen,vi.lə.lwɛ̃,vi.la.lu.pe.ɛ̃,éen,1,1,ville,france,3,7,ɛ̃
Cotignac,cotignacéen,ko.ti.ɲak,ko.ti.ɲa.se.ɛ̃,éen,1,0,ville,france,3,7,k
Foix,fuxéen,fwa,fyk.seɛ̃,éen,1,0,ville,france,1,3,a
Pamiers,appaméen,pa.mje,a.pa.me.ɛ̃,éen,1,0,ville,france,2,5,e
Ay,agéen,a.i,a.ʒe.ɛ̃,éen,1,0,ville,france,2,2,i
Boissy-sous-Saint-Yon,buxéen,bwa.si,byk.se.ɛ̃,éen,1,1,ville,france,2,5,i
Bouaye,boscéen,bwɛj,bɔ.sɛ.ɛ̃,éen,1,0,ville,france,1,4,j
Chooz,calcéen,ʃo,kal.se.ɛ̃,éen,1,0,ville,france,1,2,o
Ormoy,ulméen,ɔʁ.mwa,yl.me.ɛ̃,éen,1,0,ville,france,2,5,a
Ormoy,ulméen,ɔʁ.mwa,yl.me.ɛ̃,éen,1,0,ville,france,2,5,a
Paulx,palucéen,po,pa.ly.se.ɛ̃,éen,1,0,ville,france,1,2,o
Accra,accréen,a.kʁa,a.kʁe.ɛ̃,éen,1,0,ville,autre,2,4,a
Buzancy,buzancéen,by.zã.si,by.zã.se.ɛ̃,éen,1,0,ville,france,3,6,i
Champeaux,champéen,ʃã.po,ʃã.pe.ɛ̃,éen,1,0,ville,france,2,4,o
Courcy,courcéen,kuʁ.si,kuʁ.se.ɛ̃,éen,1,0,ville,france,2,5,i
Drancy,drancéen,dʁã.si,dʁã.se.ɛ̃,éen,1,0,ville,france,2,5,i
Gentilly,gentilléen,ʒã.ti.ji,ʒã.ti.le.ɛ̃,éen,1,0,ville,france,3,6,i
Malawi,malawien,ma.la.wi,ma.la.wi.jɛ̃,ien,0,0,pays,autre,3,6,i
Landerneau,landernéen,lã.dɛʁ.no,lã.dɛʁ.ne.ɛ̃,éen,1,0,ville,france,3,7,o
Lassy,lasséen,la.si,la.se.ɛ̃,éen,1,0,ville,france,2,4,i
Manama,manaméen,ma.na.ma,ma.na.me.ɛ̃,éen,1,0,ville,autre,3,6,a
Margency,margencéen,maʁ.ʒã.si,maʁ.ʒã.se.ɛ̃,éen,1,0,ville,france,3,7,i
Montmorency,montmorencéen,mɔ̃.mɔ.ʁã.si,mɔ̃.mɔ.ʁã.se.ɛ̃,éen,1,0,ville,france,4,8,i
Noiseau,noiséen,nwa.zo,nwa.ze.ɛ̃,éen,1,0,ville,france,2,5,o
Canaan,cananéen,ka.na.ã,ka.na.ne.ɛ̃,éen,1,0,région,autre,3,5,ã
Lons-le-Saunier,lédonien,lɔ̃s.lə.so.nje,le.do.njɛ̃,ien,1,1,ville,france,4,10,e
Eure-et-Loir,eurélien,œʁ,ø.ʁe.ljɛ̃,ien,1,1,département,france,1,2,ʁ
Estrie,estrien,ɛst.ʁi,ɛs.tʁi.jɛ̃,ien,0,0,région,autre,2,5,i
Boué,bouésien,bwe,bwe.zjɛ̃,ien,1,0,ville,france,1,3,e
Dargnies,dargniésien,daʁ.ɲi,daʁ.ɲje.zjɛ̃,ien,1,0,ville,france,2,5,i
Loué,louésien,lwe,lwe.zjɛ̃,ien,1,0,ville,france,1,3,e
Rouvres,rouvresien,ʁuvʁ,ʁu.vʁe.zjɛ̃,ien,1,0,ville,france,1,4,ʁ
Tournes,tournésien,tuʁn,tuʁ.ne.zjɛ̃,ien,1,0,ville,france,1,4,n
Saint-Cloud,clodoaldien,klu,klɔ.dɔ.al.djɛ̃,ien,1,1,ville,france,1,3,u
Saint-Jean-de-Braye,abraysien,bʁɛ,a.bʁe.zjɛ̃,ien,1,1,ville,france,1,3,ɛ
Saint-Léger,léodégarien,sɛ̃.le.ʒe,le.o.de.ga.ʁjɛ̃,ien,1,1,ville,france,3,6,e
Saint-Ouen,audonien,wɛ̃,o.do.njɛ̃,ien,1,1,ville,france,1,2,ɛ̃
Saint-Yrieix-la-Perche,arédien,sɛ̃.ti.ʁje.la.pɛʁʃ,a.ʁe.djɛ̃,ien,1,1,ville,france,5,13,ʃ
Savonnières,saponarien,sa.vɔ.njɛʁ,sa.po.na.ʁjɛ̃,ien,1,0,ville,france,3,8,ʁ
Senez,senecien,sə.ne,sə.ne.sjɛ̃,ien,1,0,ville,france,2,4,e
Sochaux,sochalien,sɔ.ʃo,sɔ.ʃa.ljɛ̃,ien,1,0,ville,france,2,4,o
Sorbets,sorbésien,sɔʁ.bɛ,sɔʁ.be.zjɛ̃,ien,1,0,ville,france,2,5,ɛ
Tremblay,tremblaisien,tʁã.blɛ,tʁã.blɛ.zjɛ̃,ien,1,0,ville,france,2,6,ɛ
Trévoux,trévoltien,tʁe.vu,tʁe.vol.tjɛ̃,ien,1,0,ville,france,2,5,u
Vaugrigneuse,valgrinien,vo.gʁi.ɲøz,val.gʁi.njɛ̃,ien,1,0,ville,france,3,8,z
Vaujours,valjocien,vo.ʒuʁ,val.ʒo.sjɛ̃,ien,1,0,ville,france,2,5,ʁ
Venise,vénitien,və.niz,vɛ.ni.sjɛ̃,ien,1,0,ville,france,2,5,z
Vesoul,vésulien,və.zul,ve.zy.ljɛ̃,ien,1,0,ville,france,2,5,l
Ville-d'Avray,dagovéranien,vil.da.vʁɛ,da.go.ve.ʁa.njɛ̃,ien,1,1,ville,france,3,8,ɛ
Yèbles,hébulien,jɛbl,e.by.ljɛ̃,ien,1,0,ville,france,1,4,l
Ablis,ablisien,a.bli,ab.li.zjɛ̃,ien,1,0,ville,france,2,4,i
Alès,alésien,a.lɛs,a.le.zjɛ̃,ien,1,0,ville,france,2,4,s
Allaire,allairien,a.lɛʁ,a.lɛ.ʁjɛ̃,ien,0,0,ville,france,2,4,ʁ
Allerey-sur-Saône,allerien,a.lə.ʁɛ,a.lə.ʁjɛ̃,ien,1,1,ville,france,3,5,ɛ
Alsace,alsacien,al.zas,al.za.sjɛ̃,ien,0,0,région,france,2,5,s
Amboise,amboisien,ã.bwaz,ã.bwa.zjɛ̃,ien,0,0,ville,france,2,5,z
Amillis,amillisien,a.mi.ji,a.mi.ji.zjɛ̃,ien,1,0,ville,france,3,5,i
Amilly,amillysien,a.mi.ji,a.mi.ji.sjɛ̃,ien,1,0,ville,france,3,5,i
Andrezel,andrézelien,ã.dʁə.zɛl,ã.dʁə.zɛ.ljɛ̃,ien,0,0,ville,france,3,7,l
Anetz,anetzien,a.nɛs,a.nɛ.sjɛ̃,ien,0,0,ville,france,2,4,s
Arbois,arboisien,aʁ.bwa,aʁ.bwa.zjɛ̃,ien,1,0,ville,france,2,5,a
Arboras,arborassien,aʁ.bɔ.ʁa,aʁ.bɔ.ʁa.sjɛ̃,ien,1,0,ville,france,3,6,a
Argelès-Gazost,argelésien,aʁ.ʒə.lɛs,aʁ.ʒə.le.zjɛ̃,ien,1,1,ville,france,3,7,s
Arles,arlésien,aʁl,aʁ.le.zjɛ̃,ien,1,0,ville,france,1,3,l
Armes,armésien,aʁm,aʁ.me.zjɛ̃,ien,1,0,ville,france,1,3,m
Asnois,asnoisien,a.nwa,a.nwa.zjɛ̃,ien,1,0,ville,france,2,4,a
Athènes,athénien,a.tɛn,a.te.njɛ̃,ien,0,0,ville,autre,2,4,n
Athis-de-l'Orne,athisien,a.tis,a.ti.zjɛ̃,ien,0,1,ville,france,2,4,s
Aulnay-sous-Bois,aulnaysien,o.nɛ,o.ne.zjɛ̃,ien,1,1,ville,france,2,3,ɛ
Aulnoye-Aymeries,aulnésien,o.nwa,o.ne.zjɛ̃,ien,1,1,ville,france,2,4,a
Aunis,aunisien,o.ni,o.ni.zjɛ̃,ien,1,0,région,france,2,3,i
Autriche,autrichien,o.tʁiʃ,o.tʁi.ʃjɛ̃,ien,0,0,pays,autre,2,5,ʃ
Autruche,autruchien,o.tʁyʃ,o.tʁy.ʃjɛ̃,ien,0,0,ville,france,2,5,ʃ
Auxi-le-Château,auxilien,o.si,o.si.ljɛ̃,ien,1,1,ville,france,2,3,i
Azur,azurien,a.zyʁ,a.zy.ʁjɛ̃,ien,0,0,ville,france,2,4,ʁ
Babylone,babylonien,ba.bi.lɔn,ba.bi.lɔ.njɛ̃,ien,0,0,ville,autre,3,7,n
Bagdad,bagdadien,bag.dad,bag.da.djɛ̃,ien,0,0,ville,autre,2,6,d
Bangkok,bangkokien,bã.kɔk,bã.kɔ.kjɛ̃,ien,0,0,ville,autre,2,5,k
Barbade,barbadien,baʁ.bad,baʁ.ba.djɛ̃,ien,0,0,pays,autre,2,6,d
Barbey,barbeysien,baʁ.bɛ,baʁ.be.zjɛ̃,ien,1,0,ville,france,2,5,ɛ
Basse-Terre,basse-terrien,bas.tɛʁ,bas.tɛ.ʁjɛ̃,ien,0,1,ville,france,2,6,ʁ
Batz-sur-Mer,batzien,ba,ba.sjɛ̃,ien,1,1,ville,france,1,2,a
Beauvais,beauvaisien,bo.vɛ,bo.ve.zjɛ̃,ien,1,0,ville,france,2,4,ɛ
Belloy-en-France,belloisien,bɛ.lwa,bɛ.lwa.zjɛ̃,ien,1,1,ville,france,2,5,a
Bélus,bélusien,be.lys,be.ly.zjɛ̃,ien,1,0,ville,france,2,5,s
Bois-d'Arcy,arcisien,aʁ.si,aʁ.si.zjɛ̃,ien,1,1,ville,france,2,4,i
Boissise-la-Bertrand,boissisien,bwa.siz,bwa.si.zjɛ̃,ien,0,1,ville,france,2,6,z
Boston,bostonien,bɔs.tɔn,bɔs.tɔ.njɛ̃,ien,0,0,ville,autre,2,6,n
Bouleuse,bouleusien,bu.løz,bu.lø.zjɛ̃,ien,0,0,ville,france,2,5,z
Bouray-sur-Juine,bouracien,bu.ʁɛ,bu.ʁa.sjɛ̃,ien,1,1,ville,france,2,4,ɛ
Bourg-en-Bresse,burgien,buʁ,byʁ.ʒjɛ̃,ien,1,1,ville,france,1,3,ʁ
Bray-et-Lû,bray-lusien,bʁɛ.ly,bʁɛ.ly.zjɛ̃,ien,1,1,ville,france,2,5,y
Brésil,brésilien,lbʁe.zil,bʁe.zi.ljɛ̃,ien,0,0,pays,autre,2,7,l
Bussy-Saint-Georges,buxangeorgien,by.si.ʒɔʁʒ,by.sã.ʒe.ɔʁ.ʒjɛ̃,ien,1,1,ville,france,3,8,ʒ
Carhaix-Plouguer,carhaisien,ka.ʁɛ,ka.ʁɛ.zjɛ̃,ien,1,1,ville,france,2,4,ɛ
Champs-sur-Marne,campésien,ʃã,kã.pe.zjɛ̃,ien,1,1,ville,france,1,2,ã
Changis-sur-Marne,changissien,ʃã.ʒi,ʃã.ʒi.sjɛ̃,ien,1,1,ville,france,2,4,i
Château-Gontier,castrogontérien,ʃa.to.gɔ̃.tje,kas.tʁo.gɔ̃.te.ʁjɛ̃,ien,1,1,ville,france,4,9,e
Châtenay-Malabry,châtenaysien,ʃat.nɛ,ʃat.ne.zjɛ̃,ien,1,1,ville,france,2,5,ɛ
Chennevières-lès-Louvres,cannabrien,ʃən.vjɛʁ,ka.na.bʁjɛ̃,ien,1,1,ville,france,2,7,ʁ
Cléry-en-Vexin,clérycien,kle.ʁi,kle.ʁi.sjɛ̃,ien,1,1,ville,france,2,5,i
Dannemois,dannemoisien,dan.mwa,dan.mwa.sjɛ̃,ien,1,0,ville,france,2,6,a
Danube,danubien,da.nyb,da.ny.bjɛ̃,ien,0,0,autre,autre,2,5,b
Delphes,delphien,dɛlf,dɛl.fjɛ̃,ien,0,0,ville,autre,1,4,f
Doazit,doazitien,dwa.zit,dwa.zi.tjɛ̃,ien,0,0,ville,france,2,6,t
Entre-Deux,entre-deusien,ã.tʁə.dø,ã.tʁə.dø.zjɛ̃,ien,1,1,ville,france,3,6,ø
Falaise,falaisien,fa.lɛz,fa.le.zjɛ̃,ien,0,0,ville,france,2,5,z
Finistère,finistérien,fi.nis.tɛʁ,fi.nis.te.ʁjɛ̃,ien,0,0,département,france,3,8,ʁ
Fontaine-la-Rivière,fontenaisien,fɔ̃.tɛn,fɔ̃t.ne.zjɛ̃,ien,1,1,ville,france,2,5,n
Fontenay-aux-Roses,fontenaisien,fɔ̃t.nɛ,fɔ̃t.ne.zjɛ̃,ien,1,1,ville,france,2,5,ɛ
Fontenay-en-Parisis,fontenaysien,fɔ̃t.nɛ,fɔ̃t.ne.zjɛ̃,ien,1,1,ville,france,2,5,ɛ
Fontenay-le-Comte,fontenaisien,fɔ̃t.nɛ,fɔ̃t.ne.zjɛ̃,ien,1,1,ville,france,2,5,ɛ
Fontenay-sous-Bois,fontenaysien,fɔ̃t.nɛ,fɔ̃t.ne.zjɛ̃,ien,1,1,ville,france,2,5,ɛ
Forez,forézien,fɔ.ʁe,fɔ.ʁe.zjɛ̃,ien,1,0,région,france,2,4,e
Fresnay-en-Retz,fresnaysien,fʁɛ.nɛ,fʁɛ.nɛ.zjɛ̃,ien,1,1,ville,france,2,5,ɛ
Fréjus,fréjusien,fʁe.ʒys,fʁe.ʒy.sjɛ̃,ien,0,0,ville,france,2,6,s
Frioul,frioulien,fʁi.jul,fʁi.ju.ljɛ̃,ien,0,0,région,autre,2,6,l
Galice,galicien,ga.lis,ga.li.sjɛ̃,ien,0,0,région,autre,2,5,s
Gambais,gambaisien,gã.bɛ,gã.bɛ.zjɛ̃,ien,1,0,ville,france,2,4,ɛ
Gometz-la-Ville,gometzien,go.mɛs,go.mɛ.sjɛ̃,ien,0,1,ville,france,2,5,s
Gonesse,gonessien,gɔ.nɛs,gɔ.nɛ.sjɛ̃,ien,0,0,ville,france,2,5,s
Grenade,grenadien,gʁə.nad,gʁə.na.djɛ̃,ien,0,0,ville,france,2,6,d
Grisy-les-Plâtres,grisylien,gʁi.zi,gʁi.zi.ljɛ̃,ien,1,1,ville,france,2,5,i
Guiry-en-Vexin,guéricien,gi.ʁi,ge.ʁi.sjɛ̃,ien,1,1,ville,france,2,4,i
Hanovre,hanovrien,a.nɔvʁ,a.nɔ.vʁi.jɛ̃,ien,0,0,ville,autre,2,5,ʁ
Haussez,haussezien,o.se,o.se.zjɛ̃,ien,1,0,ville,france,2,3,e
Hollywood,hollywoodien,ɔ.li.wud,ɔ.li.wu.djɛ̃,ien,0,0,autre,autre,3,6,d
Inde,indien,ɛ̃d,ɛ̃.djɛ̃,ien,0,0,pays,autre,1,2,d
Indre,indrien,ɛ̃dʁ,ɛ̃.dʁi.jɛ̃,ien,0,0,ville,france,1,3,ʁ
Irak,irakien,i.ʁak,i.ʁa.kjɛ̃,ien,0,0,pays,autre,2,4,k
Iran,iranien,i.ʁã,i.ʁa.njɛ̃,ien,1,0,pays,autre,2,3,ã
Issoire,issoirien,i.swaʁ,i.swa.ʁjɛ̃,ien,0,0,ville,france,2,5,ʁ
Kaboul,kaboulien,ka.bul,ka.bu.ljɛ̃,ien,0,0,ville,autre,2,5,l
La Bazoche-Gouet,bazochien,ba.zɔʃ,ba.zɔ.ʃjɛ̃,ien,0,1,ville,france,2,5,ʃ
La Chapelle-Launay,capelaunaysien,ʃa.pɛl.lo.nɛ,ka.pe.lo.ne.zjɛ̃,ien,1,1,ville,france,4,9,ɛ
La Courneuve,courneuvien,kuʁ.nœv,kuʁ.nœ.vjɛ̃,ien,0,1,ville,france,2,6,v
La Forêt-Sainte-Croix,sylvanien,fo.ʁɛ,sil.va.njɛ̃,ien,1,1,ville,france,2,4,ɛ
La Grande-Paroisse,grand-paroissien,gʁãd.pa.ʁwas,gʁã.pa.ʁwa.sjɛ̃,ien,1,1,ville,france,3,10,s
La Queue-en-Brie,caudacien,kø,ko.da.sjɛ̃,ien,1,1,ville,france,1,2,ø
Labrador,labradorien,la.bʁa.dɔʁ,la.bʁa.dɔ.ʁjɛ̃,ien,0,0,région,autre,3,8,ʁ
Langeais,langeaisien,lã.ʒɛ,lã.ʒɛ.zjɛ̃,ien,1,0,ville,france,2,4,ɛ
Languedoc,languedocien,lãg.dɔk,lãg.dɔ.sjɛ̃,ien,1,0,région,france,2,6,k
Le Bellay-en-Vexin,bellaysien,bɛ.lɛ,bɛ.lɛ.zjɛ̃,ien,1,1,ville,france,2,4,ɛ
Le Coudray-Montceaux,coudraysien,ku.dʁɛ,ku.dʁɛ.zjɛ̃,ien,1,1,ville,france,2,5,ɛ
Le Dorat,doratien,do.ʁa,do.ʁa.sjɛ̃,ien,1,1,ville,france,2,4,a
Le Molay-Littry,molystrien,mo.lɛ,mo.li.stʁi.jɛ̃,ien,1,1,ville,france,2,4,ɛ
Le Perreux-sur-Marne,perreuxien,pɛ.ʁø,pɛ.ʁø.sjɛ̃,ien,1,1,ville,france,2,4,ø
Le Plessis-Bouchard,plessis-buccardien,plɛ.si.bu.ʃaʁ,plɛ.si.bu.kaʁ.djɛ̃,ien,1,1,ville,france,4,10,ʁ
Le Pré-Saint-Gervais,gervaisien,ʒɛʁ.vɛ,ʒɛʁ.vɛ.zjɛ̃,ien,1,1,ville,france,2,5,ɛ
Le Sap,sapien,sap,sa.pjɛ̃,ien,0,1,ville,france,1,3,p
Le Thillay,thillaysien,ti.jɛ,ti.jɛ.zjɛ̃,ien,1,1,ville,france,2,4,ɛ
Les Andelys,andelysien,ã.dli,ã.dli.zjɛ̃,ien,1,1,ville,france,2,4,i
Les Lilas,lilasien,li.la,li.la.zjɛ̃,ien,1,1,ville,france,2,4,a
Les Ulis,ulissien,y.lis,y.li.sjɛ̃,ien,0,1,ville,france,2,4,s
Lettonie,latvien,lɛ.tɔ.ni,lat.vjɛ̃,ien,1,0,pays,autre,3,6,i
Levallois-Perret,levalloisien,lə.va.lwa,lə.va.lwa.zjɛ̃,ien,1,1,ville,france,3,7,a
Haute-Loire,altiligérien,ot.lwaʁ,al.ti.li.ʒe.ʁjɛ̃,ien,1,1,département,france,2,6,ʁ
Longny-au-Perche,longnycien,lɔ̃.ɲi,lɔ̃.ɲi.sjɛ̃,ien,1,1,ville,france,2,4,i
Lozère,lozérien,lɔ.zɛʁ,lɔ.zɛ.ʁjɛ̃,ien,0,0,département,france,2,5,ʁ
Lys,lysien,lis,li.zjɛ̃,ien,1,0,ville,france,1,3,s
Maldives,maldivien,mal.div,mal.di.vjɛ̃,ien,0,0,pays,autre,2,6,v
Marquise,marquisien,maʁ.kiz,maʁ.ki.zjɛ̃,ien,0,0,ville,france,2,6,z
Maudétour-en-Vexin,maldestorien,mo.de.tuʁ,mal.dɛs.to.ʁjɛ̃,ien,1,1,ville,france,3,7,ʁ
Maurice,mauricien,mɔ.ʁis,mo.ʁi.sjɛ̃,ien,0,0,pays,autre,2,5,s
Mauves-sur-Huisne,mauvésien,mov,mo.ve.zjɛ̃,ien,1,1,ville,france,1,3,v
Maylis,maylisien,me.lis,me.li.sjɛ̃,ien,0,0,ville,france,2,5,s
Mazères,mazérien,ma.zɛʁ,ma.ze.ʁjɛ̃,ien,0,0,ville,france,2,5,ʁ
Meslay-le-Vidame,meslaysien,mɛ.lɛ,mɛ.lɛ.zjɛ̃,ien,1,1,ville,france,2,4,ɛ
Meuse,meusien,møz,mø.zjɛ̃,ien,0,0,département,france,1,3,z
Méry-sur-Oise,mérysien,me.ʁi,me.ʁi.zjɛ̃,ien,1,1,ville,france,2,4,i
Molsheim,molsheimien,mɔl.saim,mɔl.sai.mjɛ̃,ien,0,0,ville,france,2,7,m
Montrouge,montrougien,mɔ̃.ʁuʒ,mɔ̃.ʁu.ʒjɛ̃,ien,0,0,ville,france,2,5,ʒ
Morez,morézien,mo.ʁe,mo.ʁe.zjɛ̃,ien,1,0,ville,france,2,4,e
Mouais,mouaisien,mwɛ,mwɛ.zjɛ̃,ien,1,0,ville,france,1,3,ɛ
Mours,moursien,muʁ,muʁ.sjɛ̃,ien,1,0,ville,france,1,3,ʁ
Mulhouse,mulhousien,my.luz,my.lu.zjɛ̃,ien,0,0,ville,france,2,5,z
Nanterre,nanterrien,nã.tɛʁ,nã.te.ʁjɛ̃,ien,0,0,ville,france,2,5,ʁ
Niger,nigérien,ni.ʒɛʁ,ni.ʒe.ʁjɛ̃,ien,0,0,pays,autre,2,5,ʁ
Norvège,norvégien,nɔʁ.vɛʒ,nɔʁ.ve.ʒjɛ̃,ien,0,0,pays,autre,2,6,ʒ
Ormoy-la-Rivière,ormoisien,ɔʁ.mwa,ɔʁ.mwa.zjɛ̃,ien,1,1,ville,france,2,5,a
Oxford,oxfordien,ɔks.fɔʁd,ɔk.sfɔʁ.djɛ̃,ien,0,0,ville,autre,2,7,d
Oyonnax,oyonnaxien,ɔ.jɔ.na,ɔ.jɔ.na.ksjɛ̃,ien,1,0,ville,france,3,5,a
Palestine,palestinien,pa.lɛs.tin,pa.lɛs.ti.njɛ̃,ien,0,0,pays,autre,3,8,n
Palis,palisien,pa.li,pa.li.zjɛ̃,ien,1,0,ville,france,2,4,i
Paray-Vieille-Poste,paraysien,pa.ʁɛ,pa.ʁɛ.zjɛ̃,ien,1,1,ville,france,2,4,ɛ
Paris,parisien,pa.ʁi,pa.ʁi.zjɛ̃,ien,1,0,ville,france,2,4,i
Pas-de-Calais,pas-de-calaisien,pad.ka.lɛ,pad.ka.le.zjɛ̃,ien,1,1,département,france,3,7,ɛ
Pertuis,pertuisien,pɛʁ.tɥi,pɛʁ.tɥi.zjɛ̃,ien,1,0,ville,france,2,6,i
Petit-Mars,petit-marsien,pə.ti.maʁ,pə.ti.maʁ.sjɛ̃,ien,1,1,ville,france,3,7,ʁ
Péone,péonien,pe.ɔn,pe.ɔn.jɛ̃,ien,0,0,ville,france,2,4,n
Phocide,phocidien,fɔ.sid,fɔ.si.djɛ̃,ien,0,0,région,autre,2,5,d
Piscop,piscopien,pis.kɔ,pis.ko.pjɛ̃,ien,1,0,ville,france,2,5,ɔ
Pontoise,pontoisien,pɔ̃.twaz,pɔ̃.twa.zjɛ̃,ien,0,0,ville,france,2,6,z
Port-au-Prince,port-au-princien,pɔ.ʁo.pʁɛ̃s,pɔ.ʁo.pʁɛ̃.sjɛ̃,ien,0,1,ville,autre,3,8,s
Porto-Novo,porto-novien,pɔʁ.to.nɔ.vo,pɔʁ.to.nɔ.vjɛ̃,ien,1,1,ville,autre,4,9,o
Prunay-sur-Essonne,prunaysien,pʁy.nɛ,pʁy.nɛ.zjɛ̃,ien,1,1,ville,france,2,5,ɛ
Prusse,prussien,pʁys,pʁy.sjɛ̃,ien,0,0,région,autre,1,4,s
Riyad,riyadien,ʁi.jad,ʁi.ja.djɛ̃,ien,0,0,ville,autre,2,5,d
Saint-Claude,sanclaudien,sɛ̃.klod,sã.klo.djɛ̃,ien,1,1,ville,france,2,6,d
Saint-Cyr-en-Arthies,saint-cyrien,sɛ̃.siʁ,sɛ̃.si.ʁjɛ̃,ien,0,1,ville,france,2,5,ʁ
Saint-Cyr-sous-Dourdan,saint-cyrien,sɛ̃.siʁ,sɛ̃.si.ʁjɛ̃,ien,0,1,ville,france,2,5,ʁ
Saint-Cyr-sur-Mer,saint-cyrien,sɛ̃.siʁ,sɛ̃.si.ʁjɛ̃,ien,0,1,ville,france,2,5,ʁ
Saint-Denis,dionysien,də.ni,djɔ.ni.zjɛ̃,ien,1,1,ville,france,2,4,i
Saint-Didier,déodatien,di.djɛ,de.o.da.sjɛ̃,ien,1,1,ville,france,2,5,ɛ
Saint-Gildas-des-Bois,gildasien,ʒil.das,ʒil.da.sjɛ̃,ien,0,1,ville,france,2,6,s
Saint-Jean-d'Angély,angérien,ã.ʒe.li,ã.ʒe.ʁjɛ̃,ien,1,1,ville,france,3,5,i
Saint-Laurent,laurentien,lo.ʁã,lo.ʁã.sjɛ̃,ien,1,1,ville,france,2,4,ã
Saint-Léonard-des-Bois,saint-léonardien,sɛ̃.le.o.naʁ,sɛ̃.le.o.naʁ.djɛ̃,ien,1,1,ville,france,4,8,ʁ
Saint-Louis,saint-louisien,sɛ̃.lwi,sɛ̃.lwi.zjɛ̃,ien,1,1,ville,france,2,5,i
Saint-Mars-du-Désert,marsien,maʁ,maʁ.sjɛ̃,ien,1,1,ville,france,1,3,ʁ
Saint-Maurice,mauritien,mo.ʁis,mo.ʁi.sjɛ̃,ien,0,1,ville,france,2,5,s
Saint-Maurice,saint-mauricien,sɛ̃.mɔ.ʁis,sɛ̃.mo.ʁi.sjɛ̃,ien,0,1,ville,france,3,7,s
Saint-Nazaire,nazairien,na.zɛʁ,na.zɛ.ʁjɛ̃,ien,0,1,ville,france,2,5,ʁ
Saint-Pierre-sur-Dives,pétruvien,pjɛʁ,pe.tʁy.vjɛ̃,ien,1,1,ville,france,1,4,ʁ
Saint-Tropez,tropézien,tʁo.pe,tʁo.pe.zjɛ̃,ien,1,1,ville,france,2,5,e
Salvador,salvadorien,sal.va.dɔʁ,sal.va.dɔ.ʁjɛ̃,ien,0,0,pays,autre,3,8,ʁ
Sannois,sannoisien,sa.nwa,sa.nwa.zjɛ̃,ien,1,0,ville,france,2,5,a
Saône-et-Loire,saône-et-loirien,so.ne.lwaʁ,so.ne.lwa.ʁjɛ̃,ien,0,1,département,france,3,8,ʁ
Senlis,senlisien,sã.lis,sã.li.sjɛ̃,ien,0,0,ville,france,2,5,s
Sermaise,sermaisien,sɛʁ.mɛz,sɛʁ.mɛ.zjɛ̃,ien,0,0,ville,france,2,6,z
Séoul,séoulien,se.ul,se.u.ljɛ̃,ien,0,0,ville,autre,2,4,l
Sèvres,sévrien,sɛvʁ,se.vʁjɛ̃,ien,0,0,ville,france,1,4,ʁ
Deux-Sèvres,deux-sévrien,dø.sɛvʁ,dø.se.vʁjɛ̃,ien,0,1,département,france,2,6,ʁ
Sicile,sicilien,si.sil,si.si.ljɛ̃,ien,0,0,région,autre,2,5,l
Singapour,singapourien,sɛ̃.ga.puʁ,sɛ̃.ga.pu.ʁjɛ̃,ien,0,0,ville,autre,3,7,ʁ
Sucy-en-Brie,sucyssien,sy.si,sy.si.sjɛ̃,ien,1,1,ville,france,2,4,i
Tarare,tararien,ta.ʁaʁ,ta.ʁa.ʁjɛ̃,ien,0,0,ville,france,2,5,ʁ
Tchad,tchadien,tʃad,tʃa.diɛ̃,ien,0,0,pays,autre,1,4,d
Thiais,thiaisien,tjɛ,tjɛ.zjɛ̃,ien,1,0,ville,france,1,3,ɛ
Tournus,tournusien,tuʁ.nys,tuʁ.ny.zjɛ̃,ien,1,0,ville,france,2,6,s
Trois-Rivières,trifluvien,tʁwɑ.ʁi.vjɛʁ,tʁi.fly.vjɛ̃,ien,1,1,ville,france,3,10,ʁ
Tyrol,tyrolien,ti.ʁɔl,ti.ʁɔ.ljɛ̃,ien,0,0,région,autre,2,5,l
Ukraine,ukrainien,y.kʁɛn,y.kʁɛ.njɛ̃,ien,0,0,pays,autre,2,5,n
Val-d'Oise,val-d'oisien,val.dwaz,val.dwa.zjɛ̃,ien,0,1,département,france,2,7,z
Valois,valoisien,va.lwa,va.lwa.zjɛ̃,ien,1,0,région,france,2,5,a
Vaucluse,vauclusien,vo.klyz,vo.kly.zjɛ̃,ien,0,0,ville,france,2,6,z
Vauréal,vauréalien,vo.ʁe.al,vo.ʁe.a.ljɛ̃,ien,0,0,ville,france,3,6,l
Veneux-les-Sablons,veneusien,və.nø,və.nø.zjɛ̃,ien,1,1,ville,france,2,4,ø
Verneuil-en-Halatte,vernolien,vɛʁ.nœj,vɛʁ.no.ljɛ̃,ien,1,1,ville,france,2,6,j
Vertus,vertusien,vɛʁ.ty,vɛʁ.ty.zjɛ̃,ien,1,0,ville,france,2,5,y
Vigneux-sur-Seine,vigneusien,vi.ɲø,vi.ɲø.zjɛ̃,ien,1,1,ville,france,2,4,ø
Villejust,villejustien,vil.jyst,vil.jys.tjɛ̃,ien,0,0,ville,france,2,7,t
Villers-Cotterêts,cotterézien,ko.tʁɛ,ko.tʁe.zjɛ̃,ien,1,1,ville,france,2,5,ɛ
Voise,voisien,vwaz,vwa.zjɛ̃,ien,0,0,ville,france,1,4,z
Vosges,vosgien,voʒ,vo.ʒjɛ̃,ien,0,0,département,france,1,3,ʒ
Washington,washingtonien,wa.ʃiŋ.tɔn,wa.ʃiŋ.tɔ.njɛ̃,ien,0,0,ville,autre,3,8,n
Wattrelos,wattrelosien,wa.tʁə.lo,wa.tʁə.lo.zjɛ̃,ien,1,0,ville,france,3,7,o
Bujumbura,bujumburien,bu.ʒum.bu.ʁa,bu.ʒum.bu.ʁjɛ̃,ien,1,0,ville,autre,4,9,a
Cantal,cantalien,kã.tal,kã.ta.ljɛ̃,ien,0,0,département,france,2,5,l
Cap-Vert,cap-verdien,kap.vɛʁ,kap.vɛʁ.djɛ̃,ien,1,1,pays,autre,2,6,ʁ
Barbuda,barbudien,baʁ.bu.da,baʁ.by.djɛ̃,ien,1,0,région,autre,3,7,a
Délos,délien,de.lɔs,de.ljɛ̃,ien,1,0,région,autre,2,5,s
Guatemala,guatémalien,gwa.te.ma.la,gwa.te.ma.ljɛ̃,ien,1,0,pays,autre,4,9,a
Madère,madérien,ma.dɛʁ,ma.de.ʁjɛ̃,ien,0,0,région,autre,2,5,ʁ
Panama,panamien,pa.na.ma,pa.na.mjɛ̃,ien,1,0,ville,autre,3,6,a
Sahara,saharien,sa.a.ʁa,sa.a.ʁjɛ̃,ien,1,0,région,autre,3,5,a
Tonga,tonguien,tɔŋ.ga,tɔŋ.gjɛ̃,ien,1,0,pays,autre,2,5,a
Valence,valencien,va.lãs,va.lã.sjɛ̃,ien,0,0,ville,france,2,5,s
Venezuela,vénézuélien,ve.ne.zɥe.la,ve.ne.zɥe.ljɛ̃,ien,1,0,pays,autre,4,9,a
Belize,bélizien,be.liz,be.li.zjɛ̃,ien,0,0,pays,autre,2,5,z
Vittel,vittellien,vi.tɛl,vi.te.ljɛ̃,ien,0,0,ville,france,2,5,l
Banthelu,banthelusien,bã.tɛ.ly,bã.tɛ.ly.zjɛ̃,ien,1,0,ville,france,3,6,y
Boullay-les-Troux,boullaysien,bu.lɛ,bu.lɛ.zjɛ̃,ien,1,1,ville,france,2,4,ɛ
Châtenay-en-France,franc-châtenaysien,ʃa.tə.nɛ.fʁãs,fʁã.ʃa.tə.nɛ.zjɛ̃,ien,1,1,ville,france,4,10,s
Douai,douaisien,du.ɛ,due.zjɛ̃,ien,1,0,ville,france,2,3,ɛ
Dugny,dugnysien,dy.ɲi,dy.ɲi.zjɛ̃,ien,1,0,ville,france,2,4,i
Fontenay,fontenaysien,fɔ̃t.nɛ,fɔ̃t.nɛ.zjɛ̃,ien,1,0,ville,france,2,5,ɛ
Herblay,herblaysien,ɛʁ.blɛ,ɛʁ.blɛ.zjɛ̃,ien,1,0,ville,france,2,5,ɛ
Magalas,magalassien,ma.ga.las,ma.ga.la.sjɛ̃,ien,0,0,ville,france,3,7,s
Manou,manousien,ma.nu,ma.nu.zjɛ̃,ien,1,0,ville,france,2,4,u
Marcoussis,marcoussissien,maʁ.ku.si,maʁ.ku.si.sjɛ̃,ien,1,0,ville,france,3,7,i
Marly-la-Ville,marlysien,maʁ.li,maʁ.li.zjɛ̃,ien,1,1,ville,france,2,5,i
Norrois,norroissien,nɔ.ʁwa,nɔ.ʁwa.sjɛ̃,ien,1,0,ville,france,2,5,a
Orly,orlysien,ɔ.ʁli,ɔ.ʁli.zjɛ̃,ien,1,0,ville,france,2,4,i
Pierrelaye,pierrelaysien,pjɛʁ.lɛ,pjɛʁ.lɛ.zjɛ̃,ien,1,0,ville,france,2,6,ɛ
Saint-Leu,saint-leusien,sɛ̃.lø,sɛ̃.lø.zjɛ̃,ien,1,1,ville,france,2,4,ø
Sully,sullysien,sy.li,sy.li.zjɛ̃,ien,1,0,ville,france,2,4,i
Taillis,taillissien,ta.ji,ta.ji.sjɛ̃,ien,1,0,ville,france,2,4,i
Tremblay-en-France,tremblaysien,tʁã.blɛ,tʁã.blɛ.zjɛ̃,ien,1,1,ville,france,2,6,ɛ
Tremblay-les-Villages,tremblaisien,tʁã.blɛ,tʁã.blɛ.zjɛ̃,ien,1,1,ville,france,2,6,ɛ
Volnay,volnaysien,vɔl.nɛ,vɔl.nɛ.zjɛ̃,ien,1,0,ville,france,2,5,ɛ
Vonnas,vonnassien,vɔ.na,vɔ.na.sjɛ̃,ien,1,0,ville,france,2,4,a
Wissous,wissoussien,vi.su,vi.su.sjɛ̃,ien,1,0,ville,france,2,4,u
Bona,bonassien,bɔ.na,bɔ.na.sjɛ̃,ien,1,0,ville,france,2,4,a
Burcy,burcyssien,byʁ.si,byʁ.si.sjɛ̃,ien,1,0,ville,france,2,5,i
Jura,jurassien,ʒy.ʁa,ʒy.ʁa.sjɛ̃,ien,1,0,département,france,2,4,a
Nantua,nantuatien,nã.tɥa,nã.tɥa.sjɛ̃,ien,1,0,ville,france,2,5,a
Nassau,nassauvien,na.so,na.so.vjɛ̃,ien,1,0,ville,autre,2,4,o
Chambly,camblysien,ʃã.bli,kã.bli.zjɛ̃,ien,1,0,ville,france,2,5,i
Carrouges,carroygien,ka.ʁuʒ,ka.ʁwa.ʒjɛ̃,ien,1,0,ville,france,2,5,ʒ
Fontaine,fontanien,fɔ̃.tɛn,fɔ̃.ta.njɛ̃,ien,1,0,ville,france,2,5,n
Macédoine,macédonien,ma.se.dwan,ma.se.dɔ.njɛ̃,ien,1,0,pays,autre,3,8,n
Nancy,nancéien,nã.si,nã.se.jɛ̃,ien,1,0,ville,france,2,4,i
Cardroc,cardreucien,kaʁd.ʁɔk,kaʁ.dʁø.sjɛ̃,ien,1,0,ville,france,2,7,k
Arthies,arthésien,aʁ.ti,aʁ.te.zjɛ̃,ien,1,0,ville,france,2,4,i
Artois,artésien,aʁ.twa,aʁ.te.zjɛ̃,ien,1,0,région,france,2,5,a
Canteleu,cantilien,kãt.lø,kã.ti.ljɛ̃,ien,1,0,ville,france,2,5,ø
Bardou,bardovien,baʁ.du,baʁ.do.vjɛ̃,ien,1,0,ville,france,2,5,u
Blay,blavien,blɛ,bla.vjɛ̃,ien,1,0,ville,france,1,3,ɛ
Ennery,annerissien,ɛn.ʁi,an.ʁi.sjɛ̃,ien,1,0,ville,france,2,4,i
Feurs,forézien,fœʁ,fo.ʁe.zjɛ̃,ien,1,0,ville,france,1,3,ʁ
Bouqueval,valbucien,buk.val,val.by.sjɛ̃,ien,1,0,ville,france,2,6,l
Bourg-la-Reine,réginaburgien,buʁ.ʁɛn,ʁe.ʒi.na.byʁ.ʒjɛ̃,ien,1,1,ville,france,2,6,n
Amsterdam,amstellodamien,ams.tɛʁ.dam,ams.tɛ.lo.da.mjɛ̃,ien,1,0,ville,autre,3,9,m
Aubenas,albenassien,o.bə.na,al.bə.na.sjɛ̃,ien,1,0,ville,france,3,5,a
Aulnoy,alnésien,ol.nwa,al.ne.zjɛ̃,ien,1,0,ville,france,2,5,a
Auxy,alcien,o.ksi,al.sjɛ̃,ien,1,0,ville,france,2,4,i
Beaufay,belfédien,bo.fɛ,bɛl.fe.djɛ̃,ien,1,0,ville,france,2,4,ɛ
Champeaux,campelien,ʃã.po,kã.pə.ljɛ̃,ien,1,0,ville,france,2,4,o
Chantilly,cantilien,ʃã.ti.ji,kã.ti.ljɛ̃,ien,1,0,ville,france,3,6,i
Fours,fournaisien,fuʁ,fuʁ.nɛ.zjɛ̃,ien,1,0,ville,france,1,3,ʁ
Gagny,gabinien,ga.ɲi,ga.bi.njɛ̃,ien,1,0,ville,france,2,4,i
Louviers,lovérien,lu.vje,lo.ve.ʁjɛ̃,ien,1,0,ville,france,2,5,e
Mézières,macérien,me.zjɛʁ,ma.se.ʁjɛ̃,ien,1,0,ville,france,2,6,ʁ
Monestier,monastérien,mɔ.nɛs.tje,mɔ.nas.te.ʁjɛ̃,ien,1,0,ville,france,3,8,e
Montgeroult,montgéraldien,mɔ̃ʒ.ʁu,mɔ̃.ʒe.ʁal.djɛ̃,ien,1,0,ville,france,2,5,u
Aubepierre-Ozouer-le-Repos,albapétrucien,o.bə.pjɛʁ,al.ba.pe.tʁy.sjɛ̃,ien,1,1,ville,france,3,7,ʁ
Boissy-l'Aillerie,buxérien,bwa.si,byk.se.ʁjɛ̃,ien,1,1,ville,france,2,5,i
Boissy-la-Rivière,buccussien,bwa.si,by.ky.sjɛ̃,ien,1,1,ville,france,2,5,i
Bonsecours,bonauxilien,bɔ̃.sə.kuʁ,bo.nɔk.si.ljɛ̃,ien,1,0,ville,france,3,7,ʁ
Charleroi,carolorégien,ʃaʁ.lə.ʁwa,ka.ʁɔ.lɔ.ʁe.ʒiɛ̃,ien,1,0,ville,france,3,8,a
Charleville-Mézières,carolomacérien,ʃaʁ.lə.vil.me.zjɛʁ,ka.ʁo.lo.ma.se.ʁjɛ̃,ien,1,1,ville,france,5,14,ʁ
Cahors,cadurcien,ka.ɔʁ,ka.dyʁ.sjɛ̃,ien,1,0,ville,france,2,4,ʁ
Chauffour-lès-Étréchy,calidussien,ʃo.fuʁ.lɛ.ze.tʁe.ʃi,ka.li.dy.sjɛ̃,ien,1,1,ville,france,6,14,i
Cîteaux,cistercien,si.to,sis.tɛʁ.sjɛ̃,ien,1,0,autre,france,2,4,o
Coulommiers,columérien,ku.lɔ.mje,kɔ.ly.me.ʁjɛ̃,ien,1,0,ville,france,3,7,e
Créteil,cristolien,kʁe.tɛj,kʁis.tɔ.ljɛ̃,ien,1,0,ville,france,2,6,j
Doue,dovinsien,du,do.vɛ̃.sjɛ̃,ien,1,0,ville,france,1,2,u
Elne,illibérien,ɛln,i.li.be.ʁjɛ̃,ien,1,0,ville,france,1,3,n
Estouches,estornacien,ɛs.tuʃ,ɛs.tɔʁ.na.sjɛ̃,ien,1,0,ville,france,2,5,ʃ
Jagny-sous-Bois,johannisien,ʒa.ɲi,ʒo.a.ni.sjɛ̃,ien,1,1,ville,france,2,4,i
Lisieux,lexovien,li.zjø,lɛk.zɔ.vjɛ̃,ien,1,0,ville,france,2,5,ø
Loire,ligérien,lwaʁ,li.ʒe.ʁjɛ̃,ien,1,0,département,france,1,4,ʁ
Londres,londonien,lɔ̃dʁ,lɔ̃.dɔ.njɛ̃,ien,1,0,ville,autre,1,4,ʁ
Louisfert,locférien,lwi.fɛʁ,lɔk.fe.ʁjɛ̃,ien,1,0,ville,france,2,6,ʁ
Louvres,luparien,luvʁ,ly.pa.ʁjɛ̃,ien,1,0,ville,france,1,4,ʁ
Mauchamps,malucampucien,mo.ʃã,ma.ly.kã.py.sjɛ̃,ien,1,0,ville,france,2,4,ã
Mirepoix,mirapicien,miʁ.pwa,mi.ʁa.pi.sjɛ̃,ien,1,0,ville,france,2,6,a
Monnaie,modénien,mɔ.nɛ,mo.de.njɛ̃,ien,1,0,ville,france,2,4,ɛ
Montchauvet,montecalvétien,mɔ̃.ʃo.vɛ,mõ.te.kal.ve.sjɛ̃,ien,1,0,ville,france,3,6,ɛ
Neufchâteau,néocastrien,nø.ʃa.to,ne.o.kas.tʁi.jɛ̃,ien,1,0,ville,france,3,6,o
Poil,pictien,pwal,pik.sjɛ̃,ien,1,0,ville,france,1,4,l
Pontarlier,pontissalien,pɔ̃.taʁ.lje,pɔ̃.ti.sa.ljɛ̃,ien,1,0,ville,france,3,8,e
Rhône,rhodanien,ʁon,ʁo.da.njɛ̃,ien,1,0,département,france,1,3,n
Saillans,sollinien,sa.jã,so.li.njɛ̃,ien,1,0,ville,france,2,4,ã
Carpentras,carpentrassien,kaʁ.pã.tʁa,kaʁ.pã.tʁa.sjɛ̃,ien,1,0,ville,france,3,8,a
Chablais,chablaisien,ʃa.blɛ,ʃa.blɛ.zjɛ̃,ien,1,0,région,autre,2,5,ɛ
Chablis,chablisien,ʃa.bli,ʃa.bli.zjɛ̃,ien,1,0,ville,france,2,5,i
Chalais,chalaisien,ʃa.lɛ,ʃa.lɛ.zjɛ̃,ien,1,0,ville,france,2,4,ɛ
Calais,calaisien,ka.lɛ,ka.lɛ.zjɛ̃,ien,1,0,ville,france,2,4,ɛ
Charnois,charnoisien,ʃaʁ.mwa,ʃaʁ.mwa.zjɛ̃,ien,1,0,ville,france,2,6,a
Chars,charsien,ʃaʁ,ʃaʁ.sjɛ̃,ien,1,0,ville,france,1,3,ʁ
Clais,claisien,klɛ,klɛ.zjɛ̃,ien,1,0,ville,france,1,3,ɛ
Coëtmieux,coëtmieusien,kwɛt.mjø,kwɛt.mjø.zjɛ̃,ien,1,0,ville,france,2,7,ø
Doubs,doubien,du,du.bjɛ̃,ien,1,0,ville,france,1,2,u
Morlaix,morlaisien,mɔʁ.lɛ,mɔʁ.lɛ.zjɛ̃,ien,1,0,ville,france,2,5,ɛ
Ankara,ankarien,ã.ka.ʁa,ã.ka.ʁjɛ̃,ien,1,0,ville,autre,3,5,a
Canada,canadien,ka.na.da,ka.na.djɛ̃,ien,1,0,pays,autre,3,6,a
Guyana,guyanien,gɥi.ja.na,gɥi.ja.njɛ̃,ien,1,0,pays,autre,3,7,a
Isola,isolien,i.zɔ.la,i.zɔ.ljɛ̃,ien,1,0,ville,france,3,5,a
Palaiseau,palaisien,pa.lɛ.zo,pa.lɛ.zjɛ̃,ien,1,0,ville,france,3,6,o
Mespuits,mespussien,mɛ.pɥi,mɛ.py.sjɛ̃,ien,1,0,ville,france,2,5,i
Bissau,bissalien,bi.sa.o,bi.sa.ljɛ̃,ien,1,0,ville,autre,3,5,o
Bouée,bouzien,bu.e,bu.zjɛ̃,ien,1,0,ville,france,2,3,e
Chambry,chambrésien,ʃã.bʁi,ʃã.bʁe.zjɛ̃,ien,1,0,ville,france,2,5,i
Allauch,allaudien,a.lo,a.lo.djɛ̃,ien,1,0,ville,france,2,3,o
Bavay,bavaisien,ba.vɛ,ba.vɛ.zjɛ̃,ien,1,0,ville,france,2,4,ɛ
Cambrai,cambrésien,kã.bʁɛ,kã.bʁe.zjɛ̃,ien,1,0,ville,france,2,5,ɛ
Corlay,corlaysien,kɔʁ.le,kɔʁ.le.zjɛ̃,ien,1,0,ville,france,2,5,e
Courbevoie,courbevoisien,kuʁ.bə.vwa,kuʁ.bə.vwa.zjɛ̃,ien,1,0,ville,france,3,8,a
Courtrai,courtraisien,kuʁ.tʁɛ,kuʁ.tʁɛ.zjɛ̃,ien,1,0,ville,autre,2,6,ɛ
Fontenay,fontenaisien,fɔ̃t.nɛ,fɔ̃t.nɛ.zjɛ̃,ien,1,0,ville,france,2,5,ɛ
Groslay,groslaisien,gʁo.lɛ,gʁo.lɛ.zjɛ̃,ien,1,0,ville,france,2,5,ɛ
Haguenau,haguenovien,a.gə.no,a.gə.no.vjɛ̃,ien,1,0,ville,france,3,5,o
Paley,palaisien,pa.lɛ,pa.lɛ.zjɛ̃,ien,1,0,ville,france,2,4,ɛ
Parthenay,parthenaisien,paʁ.tə.nɛ,paʁ.tə.nɛ.zjɛ̃,ien,1,0,ville,france,3,7,ɛ
Saclay,saclaisien,sa.klɛ,sa.klɛ.zjɛ̃,ien,1,0,ville,france,2,5,ɛ
Charmes,charmésien,ʃaʁm,ʃaʁ.me.zjɛ̃.,ien,1,0,ville,france,1,4,m
Denain,denaisien,də.nɛ̃,də.nɛ.zjɛ̃,ien,1,0,ville,france,2,4,ɛ̃
Feins,finésien,fɛ̃,fi.ne.zjɛ̃,ien,1,0,ville,france,1,2,ɛ̃
Colmars,colmarsien,kɔl.maʁ,kɔl.maʁ.sjɛ̃,ien,1,0,ville,france,2,6,ʁ
Riez,réien,ʁi.je,ʁe.jɛ̃,ien,1,0,ville,france,2,4,e
Montdidier,montdidérien,mɔ̃.di.dje,mɔ̃.di.de.ʁjɛ̃,ien,1,0,ville,france,3,7,e
Pithiviers,pithivérien,pi.ti.vje,pi.ti.ve.ʁjɛ̃,ien,1,0,ville,france,3,7,e
Bahamas,bahamien,ba.a.mas,ba.a.mjɛ̃,ien,1,0,pays,autre,3,6,s
Gex,gessien,ʒɛks,ʒɛ.sjɛ̃,ien,1,0,ville,france,1,4,s
Honduras,hondurien,ɔ̃.dy.ʁas,ɔ̃.dy.ʁjɛ̃,ien,1,0,pays,autre,3,6,s
Lesbos,lesbien,lɛs.bos,lɛs.bjɛ̃,ien,1,0,région,autre,2,6,s
Rocamadour,amadourien,ʁɔ.ka.ma.duʁ,a.ma.du.ʁjɛ̃,ien,1,0,ville,france,4,9,ʁ
Plumelec,melecien,ply.m.lɛk,mə.lɛ.sjɛ̃,ien,1,0,ville,france,3,7,k
Montélimar,montilien,mɔ̃.te.li.maʁ,mɔ̃.ti.ljɛ̃,ien,1,0,ville,france,4,9,ʁ
Monteux,montilien,mɔ̃.tø,mɔ̃.ti.ljɛ̃,ien,1,0,ville,france,2,4,ø
Calvados,calvadosien,kal.va.dos,kal.va.do.sjɛ̃,ien,0,0,département,france,3,8,s
Cambodge,cambodgien,kã.bɔdʒ,kã.bɔd.ʒjɛ̃,ien,0,0,pays,autre,2,6,ʒ
Caracas,caracassien,ka.ʁa.kas,ka.ʁa.ka.sjɛ̃,ien,0,0,ville,autre,3,7,s
Caucase,caucasien,ko.kaz,ko.ka.zjɛ̃,ien,0,0,région,autre,2,5,z
Cesse,cessien,sɛs,sɛ.sjɛ̃,ien,0,0,ville,france,1,3,s
Corinthe,corinthien,kɔ.ʁɛ̃t,kɔ.ʁɛ̃.tjɛ̃,ien,0,0,ville,autre,2,5,t
Corrèze,corrézien,kɔ.ʁɛz,kɔ.ʁe.zjɛ̃,ien,0,0,ville,france,2,5,z
Chartronges,chartrongien,ʃaʁ.tʁɔ̃ʒ,ʃaʁ.tʁɔ̃.ʒjɛ̃,ien,0,0,ville,france,2,7,ʒ
Colmar,colmarien,kɔl.maʁ,kɔl.ma.ʁjɛ̃,ien,0,0,ville,france,2,6,ʁ
Colombes,colombien,kɔ.lɔ̃b,kɔ.lɔ̃.bjɛ̃,ien,0,0,ville,france,2,5,b
Comores,comorien,kɔ.mɔʁ,kɔ.mɔ.ʁjɛ̃,ien,0,0,pays,autre,2,5,ʁ
Coucy,coucyien,ku.si,ku.si.jɛ̃,ien,0,0,ville,france,2,4,i
Israël,israélien,is.ʁa.ɛl,is.ʁa.e.ljɛ̃,ien,0,0,pays,autre,3,6,l
Lagos,lagotien,la.gɔs,la.gɔ.sjɛ̃,ien,0,0,ville,france,2,5,s
Laos,laotien,la.ɔs,la.ɔ.sjɛ̃,ien,0,0,pays,autre,2,4,s
Limours,limourien,li.muʁ,li.mu.ʁjɛ̃,ien,0,0,ville,france,2,5,ʁ
Mars,martien,maʁs,maʁ.sjɛ̃,ien,0,0,ville,france,1,4,s
Oise,oisien,waz,wa.zjɛ̃,ien,0,0,département,france,1,3,z
Pérou,péruvien,pe.ʁu,pe.ʁy.vjɛ̃,ien,1,0,pays,autre,2,4,u
Pîtres,pitrien,pitʁ,pi.tʁi.jɛ̃,ien,0,0,ville,france,1,4,ʁ
Strasbourg,strasbourgeois,stʁas.buʁ,stʁaz.buʁ.ʒwa,ois,1,0,ville,france,2,8,ʁ
Sarre,sarrois,saʁ,sa.ʁwa,ois,0,0,région,autre,1,3,ʁ
Siam,siamois,sjam,sja.mwa,ois,0,0,pays,autre,1,4,m
Sienne,siennois,sjɛn,sjɛ.nwa,ois,0,0,ville,autre,1,4,n
Suède,suédois,sɥɛd,sɥe.dwa,ois,0,0,pays,autre,1,4,d
Turin,turinois,ty.ʁɛ̃,ty.ʁi.nwa,ois,1,0,ville,autre,2,4,ɛ̃
Vendôme,vendômois,vã.dom,vã.do.mwa,ois,0,0,ville,france,2,5,m
Vienne,viennois,vjɛn,vjɛ.nwa,ois,0,0,ville,france,1,4,n
Zurich,zurichois,zy.ʁik,zy.ʁi.kwa,ois,0,0,ville,autre,2,5,k
Genève,genevois,ʒə.nɛv,ʒən.vwa,ois,1,0,ville,autre,2,5,v
Champagne,champenois,ʃã.paɲ,ʃã.pə.nwa,ois,1,0,ville,france,2,5,ɲ
Brioude,brivadois,bʁi.jud,bʁi.va.dwa,ois,1,0,ville,france,2,6,d
Autriche-Hongrie,austro-hongrois,o.tʁiʃ.ɔ̃.gʁi,os.tʁo.ɔ̃.gʁwa,ois,1,1,pays,autre,4,9,i
Alger,algérois,al.ʒe,al.ʒe.ʁwa,ois,1,0,ville,autre,2,4,e
Brandebourg,brandebourgeois,bʁãd.buʁ,bʁãd.buʁ.ʒwa,ois,1,0,région,autre,2,7,ʁ
Clermont-Ferrand,clermontois,klɛʁ.mɔ̃,klɛʁ.mɔ̃.twa,ois,1,1,ville,france,2,6,ɔ̃
Hambourg,hambourgeois,ã.buʁ,ã.buʁ.ʒwa,ois,1,0,ville,autre,2,4,ʁ
Luxembourg,luxembourgeois,lyk.sã.buʁ,lyk.sã.buʁ.ʒwa,ois,1,0,ville,autre,3,8,ʁ
Hongrie,hongrois,ɔ̃.gʁi,ɔ̃.gʁwa,ois,1,0,pays,autre,2,4,i
Albi,albigeois,al.bi,al.bi.ʒwa,ois,1,0,ville,france,2,4,i
Bénin,béninois,be.nɛ̃,be.ni.nwa,ois,1,0,pays,autre,2,4,ɛ̃
Berlin,berlinois,bɛʁ.lɛ̃,bɛʁ.li.nwɑ,ois,1,0,ville,autre,2,5,ɛ̃
Pékin,pékinois,pe.kɛ̃,pe.ki.nwa,ois,1,0,ville,autre,2,4,ɛ̃
Danemark,danois,dan.maʁk,da.nwa,ois,1,0,pays,autre,2,7,k
Bavière,bavarois,ba.vjɛʁ,ba.va.ʁwa,ois,1,0,région,autre,2,6,ʁ
Finlande,finnois,fɛ̃.lãd,fi.nwa,ois,1,0,pays,autre,2,5,d
Ardèche,ardéchois,aʁ.dɛʃ,aʁ.de.ʃwa,ois,0,0,département,france,2,5,ʃ
Ariège,ariégeois,a.ʁjɛʒ,a.ʁje.ʒwa,ois,0,0,département,france,2,5,ʒ
Belleville,bellevillois,bɛl.vil,bɛl.vi.lwa,ois,0,0,ville,france,2,6,l
Berne,bernois,bɛʁn,bɛʁ.nwa,ois,0,0,ville,autre,1,4,n
Brest,brestois,bʁɛst,bʁɛs.twa,ois,0,0,ville,france,1,5,t
Bruges,brugeois,bʁyʒ,bʁy.ʒwa,ois,0,0,ville,france,1,4,ʒ
Bruxelles,bruxellois,bʁy.sɛl,bʁy.sɛ.lwa,ois,0,0,ville,autre,2,6,l
Crète,crétois,kʁɛt,kʁe.twa,ois,0,0,pays,autre,1,4,t
Dakar,dakarois,da.kaʁ,da.ka.ʁwa,ois,0,0,ville,autre,2,5,ʁ
Dieppe,dieppois,djɛp,djɛ.pwa,ois,0,0,ville,france,1,4,p
Gaule,gaulois,gol,go.lwa,ois,0,0,pays,autre,1,3,l
Gênes,génois,ʒɛn,ʒe.nwa,ois,0,0,ville,autre,1,3,n
Grenoble,grenoblois,gʁə.nɔbl,gʁə.nɔ.blwa,ois,0,0,ville,france,2,7,l
Hesse,hessois,ɛs,ɛ.swa,ois,0,0,ville,france,1,2,s
Indochine,indochinois,ɛ̃.dɔ.ʃin,ɛ̃.do.ʃi.nwa,ois,0,0,région,autre,3,6,n
Lausanne,lausannois,lɔ.zan,lɔ.za.nwa,ois,0,0,ville,autre,2,5,n
Liège,liégeois,ljɛʒ,lje.ʒwa,ois,0,0,ville,autre,1,4,ʒ
Munich,munichois,my.nik,my.ni.kwa,ois,0,0,ville,autre,2,5,k
Nice,niçois,nis,ni.swa,ois,0,0,ville,france,1,3,s
Québec,québécois,ke.bɛk,ke.be.kwa,ois,0,0,région,autre,2,5,k
